kind,key,path,scope,device,frame_id,page_id,viewport_width,viewport_height,content_height,figma_url,route_key,roles,journey_ids
route,home,/,current,Desktop,10:280,3:4,1440,1000,4824,https://www.figma.com/design/Rn7Z8KYAKbiz7S6ns6qB4i?node-id=10-280,home,public-reader | contributor | maintainer | sponsor,discover-contribute | keyboard-menu-recovery
route,home,/,current,Mobile,10:283,3:4,390,844,8628,https://www.figma.com/design/Rn7Z8KYAKbiz7S6ns6qB4i?node-id=10-283,home,public-reader | contributor | maintainer | sponsor,discover-contribute | keyboard-menu-recovery
route,home,/,current,Tablet Landscape,10:281,3:4,1194,834,4988,https://www.figma.com/design/Rn7Z8KYAKbiz7S6ns6qB4i?node-id=10-281,home,public-reader | contributor | maintainer | sponsor,discover-contribute | keyboard-menu-recovery
route,home,/,current,Tablet Portrait,10:282,3:4,834,1194,5597,https://www.figma.com/design/Rn7Z8KYAKbiz7S6ns6qB4i?node-id=10-282,home,public-reader | contributor | maintainer | sponsor,discover-contribute | keyboard-menu-recovery
route,not-found,unknown / 404,current,Desktop,10:285,3:4,1440,1000,1327,https://www.figma.com/design/Rn7Z8KYAKbiz7S6ns6qB4i?node-id=10-285,not-found,public-reader | contributor | maintainer | sponsor,keyboard-menu-recovery
route,not-found,unknown / 404,current,Tablet Landscape,10:286,3:4,1194,834,1327,https://www.figma.com/design/Rn7Z8KYAKbiz7S6ns6qB4i?node-id=10-286,not-found,public-reader | contributor | maintainer | sponsor,keyboard-menu-recovery
route,not-found,unknown / 404,current,Tablet Portrait,10:287,3:4,834,1194,1727,https://www.figma.com/design/Rn7Z8KYAKbiz7S6ns6qB4i?node-id=10-287,not-found,public-reader | contributor | maintainer | sponsor,keyboard-menu-recovery
route,not-found,unknown / 404,current,Mobile,10:288,3:4,390,844,2096,https://www.figma.com/design/Rn7Z8KYAKbiz7S6ns6qB4i?node-id=10-288,not-found,public-reader | contributor | maintainer | sponsor,keyboard-menu-recovery
route,profile,/contributors/ss251,current,Desktop,10:290,3:4,1440,1000,3580,https://www.figma.com/design/Rn7Z8KYAKbiz7S6ns6qB4i?node-id=10-290,profile,public-reader | contributor | maintainer | sponsor,discover-contribute
route,profile,/contributors/ss251,current,Tablet Landscape,10:291,3:4,1194,834,3604,https://www.figma.com/design/Rn7Z8KYAKbiz7S6ns6qB4i?node-id=10-291,profile,public-reader | contributor | maintainer | sponsor,discover-contribute
route,profile,/contributors/ss251,current,Tablet Portrait,10:292,3:4,834,1194,4083,https://www.figma.com/design/Rn7Z8KYAKbiz7S6ns6qB4i?node-id=10-292,profile,public-reader | contributor | maintainer | sponsor,discover-contribute
route,profile,/contributors/ss251,current,Mobile,10:293,3:4,390,844,5337,https://www.figma.com/design/Rn7Z8KYAKbiz7S6ns6qB4i?node-id=10-293,profile,public-reader | contributor | maintainer | sponsor,discover-contribute
route,login,/login,current,Desktop,10:295,3:4,1440,1000,1265,https://www.figma.com/design/Rn7Z8KYAKbiz7S6ns6qB4i?node-id=10-295,login,signed-out-visitor | contributor | maintainer,github-account-privacy
route,login,/login,current,Tablet Landscape,10:296,3:4,1194,834,1292,https://www.figma.com/design/Rn7Z8KYAKbiz7S6ns6qB4i?node-id=10-296,login,signed-out-visitor | contributor | maintainer,github-account-privacy
route,login,/login,current,Tablet Portrait,10:297,3:4,834,1194,1695,https://www.figma.com/design/Rn7Z8KYAKbiz7S6ns6qB4i?node-id=10-297,login,signed-out-visitor | contributor | maintainer,github-account-privacy
route,login,/login,current,Mobile,10:298,3:4,390,844,2197,https://www.figma.com/design/Rn7Z8KYAKbiz7S6ns6qB4i?node-id=10-298,login,signed-out-visitor | contributor | maintainer,github-account-privacy
route,account,/account,gated,Desktop,10:300,3:4,1440,1000,2157,https://www.figma.com/design/Rn7Z8KYAKbiz7S6ns6qB4i?node-id=10-300,account,GitHub-member,github-account-privacy | x-connection-lifecycle | base-wallet-registration | solana-wallet-registration | keyboard-menu-recovery
route,account,/account,gated,Tablet Landscape,10:301,3:4,1194,834,2175,https://www.figma.com/design/Rn7Z8KYAKbiz7S6ns6qB4i?node-id=10-301,account,GitHub-member,github-account-privacy | x-connection-lifecycle | base-wallet-registration | solana-wallet-registration | keyboard-menu-recovery
route,account,/account,gated,Tablet Portrait,10:302,3:4,834,1194,2620,https://www.figma.com/design/Rn7Z8KYAKbiz7S6ns6qB4i?node-id=10-302,account,GitHub-member,github-account-privacy | x-connection-lifecycle | base-wallet-registration | solana-wallet-registration | keyboard-menu-recovery
route,account,/account,gated,Mobile,10:303,3:4,390,844,3719,https://www.figma.com/design/Rn7Z8KYAKbiz7S6ns6qB4i?node-id=10-303,account,GitHub-member,github-account-privacy | x-connection-lifecycle | base-wallet-registration | solana-wallet-registration | keyboard-menu-recovery
route,points,/points,current,Desktop,10:305,3:4,1440,1000,2810,https://www.figma.com/design/Rn7Z8KYAKbiz7S6ns6qB4i?node-id=10-305,points,public-reader | contributor | maintainer | sponsor,
route,points,/points,current,Tablet Landscape,10:306,3:4,1194,834,2879,https://www.figma.com/design/Rn7Z8KYAKbiz7S6ns6qB4i?node-id=10-306,points,public-reader | contributor | maintainer | sponsor,
route,points,/points,current,Tablet Portrait,10:307,3:4,834,1194,3345,https://www.figma.com/design/Rn7Z8KYAKbiz7S6ns6qB4i?node-id=10-307,points,public-reader | contributor | maintainer | sponsor,
route,points,/points,current,Mobile,10:308,3:4,390,844,4198,https://www.figma.com/design/Rn7Z8KYAKbiz7S6ns6qB4i?node-id=10-308,points,public-reader | contributor | maintainer | sponsor,
route,earnings,/earnings,current,Desktop,10:310,3:4,1440,1000,1754,https://www.figma.com/design/Rn7Z8KYAKbiz7S6ns6qB4i?node-id=10-310,earnings,contributor | public-reader,earnings-policy-scenario
route,earnings,/earnings,current,Tablet Landscape,10:311,3:4,1194,834,1754,https://www.figma.com/design/Rn7Z8KYAKbiz7S6ns6qB4i?node-id=10-311,earnings,contributor | public-reader,earnings-policy-scenario
route,earnings,/earnings,current,Tablet Portrait,10:312,3:4,834,1194,2196,https://www.figma.com/design/Rn7Z8KYAKbiz7S6ns6qB4i?node-id=10-312,earnings,contributor | public-reader,earnings-policy-scenario
route,earnings,/earnings,current,Mobile,10:313,3:4,390,844,3200,https://www.figma.com/design/Rn7Z8KYAKbiz7S6ns6qB4i?node-id=10-313,earnings,contributor | public-reader,earnings-policy-scenario
route,receipts,/receipts,current,Desktop,10:315,3:4,1440,1000,1352,https://www.figma.com/design/Rn7Z8KYAKbiz7S6ns6qB4i?node-id=10-315,receipts,public-reader | contributor | maintainer | sponsor,receipt-inspection-retry
route,receipts,/receipts,current,Tablet Landscape,10:316,3:4,1194,834,1352,https://www.figma.com/design/Rn7Z8KYAKbiz7S6ns6qB4i?node-id=10-316,receipts,public-reader | contributor | maintainer | sponsor,receipt-inspection-retry
route,receipts,/receipts,current,Tablet Portrait,10:317,3:4,834,1194,1779,https://www.figma.com/design/Rn7Z8KYAKbiz7S6ns6qB4i?node-id=10-317,receipts,public-reader | contributor | maintainer | sponsor,receipt-inspection-retry
route,receipts,/receipts,current,Mobile,10:318,3:4,390,844,2215,https://www.figma.com/design/Rn7Z8KYAKbiz7S6ns6qB4i?node-id=10-318,receipts,public-reader | contributor | maintainer | sponsor,receipt-inspection-retry
route,models,/models,current,Desktop,10:320,3:4,1440,1000,1871,https://www.figma.com/design/Rn7Z8KYAKbiz7S6ns6qB4i?node-id=10-320,models,public-reader | contributor | maintainer | sponsor,models-verification
route,models,/models,current,Tablet Landscape,10:321,3:4,1194,834,1895,https://www.figma.com/design/Rn7Z8KYAKbiz7S6ns6qB4i?node-id=10-321,models,public-reader | contributor | maintainer | sponsor,models-verification
route,models,/models,current,Tablet Portrait,10:322,3:4,834,1194,2325,https://www.figma.com/design/Rn7Z8KYAKbiz7S6ns6qB4i?node-id=10-322,models,public-reader | contributor | maintainer | sponsor,models-verification
route,models,/models,current,Mobile,10:323,3:4,390,844,2795,https://www.figma.com/design/Rn7Z8KYAKbiz7S6ns6qB4i?node-id=10-323,models,public-reader | contributor | maintainer | sponsor,models-verification
route,how,/how-it-works,current,Desktop,10:325,3:4,1440,1000,3817,https://www.figma.com/design/Rn7Z8KYAKbiz7S6ns6qB4i?node-id=10-325,how,public-reader | contributor | maintainer | sponsor,discover-contribute | models-verification
route,how,/how-it-works,current,Tablet Landscape,10:326,3:4,1194,834,3845,https://www.figma.com/design/Rn7Z8KYAKbiz7S6ns6qB4i?node-id=10-326,how,public-reader | contributor | maintainer | sponsor,discover-contribute | models-verification
route,how,/how-it-works,current,Tablet Portrait,10:327,3:4,834,1194,4542,https://www.figma.com/design/Rn7Z8KYAKbiz7S6ns6qB4i?node-id=10-327,how,public-reader | contributor | maintainer | sponsor,discover-contribute | models-verification
route,how,/how-it-works,current,Mobile,10:328,3:4,390,844,5839,https://www.figma.com/design/Rn7Z8KYAKbiz7S6ns6qB4i?node-id=10-328,how,public-reader | contributor | maintainer | sponsor,discover-contribute | models-verification
route,project,/projects/eliza,current,Desktop,10:330,3:4,1440,1000,7272,https://www.figma.com/design/Rn7Z8KYAKbiz7S6ns6qB4i?node-id=10-330,project,public-reader | contributor | maintainer | sponsor,discover-contribute | maintainer-adjustment | funding-classes-disabled
route,project,/projects/eliza,current,Tablet Landscape,10:331,3:4,1194,834,7365,https://www.figma.com/design/Rn7Z8KYAKbiz7S6ns6qB4i?node-id=10-331,project,public-reader | contributor | maintainer | sponsor,discover-contribute | maintainer-adjustment | funding-classes-disabled
route,project,/projects/eliza,current,Tablet Portrait,10:332,3:4,834,1194,8150,https://www.figma.com/design/Rn7Z8KYAKbiz7S6ns6qB4i?node-id=10-332,project,public-reader | contributor | maintainer | sponsor,discover-contribute | maintainer-adjustment | funding-classes-disabled
route,project,/projects/eliza,current,Mobile,10:333,3:4,390,844,13499,https://www.figma.com/design/Rn7Z8KYAKbiz7S6ns6qB4i?node-id=10-333,project,public-reader | contributor | maintainer | sponsor,discover-contribute | maintainer-adjustment | funding-classes-disabled
route,project-funding,/projects/eliza/funding#records,current,Desktop,10:335,3:4,1440,1000,2420,https://www.figma.com/design/Rn7Z8KYAKbiz7S6ns6qB4i?node-id=10-335,project-funding,public-reader | project-steward | authorized-signer,earnings-policy-scenario | maintainer-adjustment | funding-classes-disabled
route,project-funding,/projects/eliza/funding#records,current,Tablet Landscape,10:336,3:4,1194,834,2486,https://www.figma.com/design/Rn7Z8KYAKbiz7S6ns6qB4i?node-id=10-336,project-funding,public-reader | project-steward | authorized-signer,earnings-policy-scenario | maintainer-adjustment | funding-classes-disabled
route,project-funding,/projects/eliza/funding#records,current,Tablet Portrait,10:337,3:4,834,1194,2979,https://www.figma.com/design/Rn7Z8KYAKbiz7S6ns6qB4i?node-id=10-337,project-funding,public-reader | project-steward | authorized-signer,earnings-policy-scenario | maintainer-adjustment | funding-classes-disabled
route,project-funding,/projects/eliza/funding#records,current,Mobile,10:338,3:4,390,844,4013,https://www.figma.com/design/Rn7Z8KYAKbiz7S6ns6qB4i?node-id=10-338,project-funding,public-reader | project-steward | authorized-signer,earnings-policy-scenario | maintainer-adjustment | funding-classes-disabled
route,project-manage,/projects/eliza/manage,current,Desktop,10:340,3:4,1440,1000,4083,https://www.figma.com/design/Rn7Z8KYAKbiz7S6ns6qB4i?node-id=10-340,project-manage,repository-admin-or-explicit-delegate,discover-contribute | project-wizard-pr | maintainer-adjustment
route,project-manage,/projects/eliza/manage,current,Tablet Landscape,10:341,3:4,1194,834,4161,https://www.figma.com/design/Rn7Z8KYAKbiz7S6ns6qB4i?node-id=10-341,project-manage,repository-admin-or-explicit-delegate,discover-contribute | project-wizard-pr | maintainer-adjustment
route,project-manage,/projects/eliza/manage,current,Tablet Portrait,10:342,3:4,834,1194,5254,https://www.figma.com/design/Rn7Z8KYAKbiz7S6ns6qB4i?node-id=10-342,project-manage,repository-admin-or-explicit-delegate,discover-contribute | project-wizard-pr | maintainer-adjustment
route,project-manage,/projects/eliza/manage,current,Mobile,10:343,3:4,390,844,11240,https://www.figma.com/design/Rn7Z8KYAKbiz7S6ns6qB4i?node-id=10-343,project-manage,repository-admin-or-explicit-delegate,discover-contribute | project-wizard-pr | maintainer-adjustment
route,project-new,/projects/new,approved-target,Desktop,10:345,3:4,1440,1000,3462,https://www.figma.com/design/Rn7Z8KYAKbiz7S6ns6qB4i?node-id=10-345,project-new,project-proposer | repository-admin-or-explicit-delegate,project-wizard-pr
route,project-new,/projects/new,approved-target,Tablet Landscape,10:346,3:4,1194,834,3486,https://www.figma.com/design/Rn7Z8KYAKbiz7S6ns6qB4i?node-id=10-346,project-new,project-proposer | repository-admin-or-explicit-delegate,project-wizard-pr
route,project-new,/projects/new,approved-target,Tablet Portrait,10:347,3:4,834,1194,4086,https://www.figma.com/design/Rn7Z8KYAKbiz7S6ns6qB4i?node-id=10-347,project-new,project-proposer | repository-admin-or-explicit-delegate,project-wizard-pr
route,project-new,/projects/new,approved-target,Mobile,10:348,3:4,390,844,4695,https://www.figma.com/design/Rn7Z8KYAKbiz7S6ns6qB4i?node-id=10-348,project-new,project-proposer | repository-admin-or-explicit-delegate,project-wizard-pr
route,sponsors,/sponsors,current,Desktop,10:350,3:4,1440,1000,4093,https://www.figma.com/design/Rn7Z8KYAKbiz7S6ns6qB4i?node-id=10-350,sponsors,public-reader | contributor | maintainer | sponsor,earnings-policy-scenario | funding-classes-disabled
route,sponsors,/sponsors,current,Tablet Landscape,10:351,3:4,1194,834,4294,https://www.figma.com/design/Rn7Z8KYAKbiz7S6ns6qB4i?node-id=10-351,sponsors,public-reader | contributor | maintainer | sponsor,earnings-policy-scenario | funding-classes-disabled
route,sponsors,/sponsors,current,Tablet Portrait,10:352,3:4,834,1194,5156,https://www.figma.com/design/Rn7Z8KYAKbiz7S6ns6qB4i?node-id=10-352,sponsors,public-reader | contributor | maintainer | sponsor,earnings-policy-scenario | funding-classes-disabled
route,sponsors,/sponsors,current,Mobile,10:353,3:4,390,844,8294,https://www.figma.com/design/Rn7Z8KYAKbiz7S6ns6qB4i?node-id=10-353,sponsors,public-reader | contributor | maintainer | sponsor,earnings-policy-scenario | funding-classes-disabled
route,cycles,/cycles,current,Desktop,10:355,3:4,1440,1000,2174,https://www.figma.com/design/Rn7Z8KYAKbiz7S6ns6qB4i?node-id=10-355,cycles,public-reader | contributor | maintainer | sponsor,cycle-history-recovery
route,cycles,/cycles,current,Tablet Landscape,10:356,3:4,1194,834,2283,https://www.figma.com/design/Rn7Z8KYAKbiz7S6ns6qB4i?node-id=10-356,cycles,public-reader | contributor | maintainer | sponsor,cycle-history-recovery
route,cycles,/cycles,current,Tablet Portrait,10:357,3:4,834,1194,2795,https://www.figma.com/design/Rn7Z8KYAKbiz7S6ns6qB4i?node-id=10-357,cycles,public-reader | contributor | maintainer | sponsor,cycle-history-recovery
route,cycles,/cycles,current,Mobile,10:358,3:4,390,844,3980,https://www.figma.com/design/Rn7Z8KYAKbiz7S6ns6qB4i?node-id=10-358,cycles,public-reader | contributor | maintainer | sponsor,cycle-history-recovery
route,cycle,/cycles/eliza/2026-09,current,Desktop,10:360,3:4,1440,1000,4169,https://www.figma.com/design/Rn7Z8KYAKbiz7S6ns6qB4i?node-id=10-360,cycle,public-reader | contributor | maintainer | sponsor,funding-classes-disabled | cycle-history-recovery
route,cycle,/cycles/eliza/2026-09,current,Tablet Landscape,10:361,3:4,1194,834,4223,https://www.figma.com/design/Rn7Z8KYAKbiz7S6ns6qB4i?node-id=10-361,cycle,public-reader | contributor | maintainer | sponsor,funding-classes-disabled | cycle-history-recovery
route,cycle,/cycles/eliza/2026-09,current,Tablet Portrait,10:362,3:4,834,1194,4834,https://www.figma.com/design/Rn7Z8KYAKbiz7S6ns6qB4i?node-id=10-362,cycle,public-reader | contributor | maintainer | sponsor,funding-classes-disabled | cycle-history-recovery
route,cycle,/cycles/eliza/2026-09,current,Mobile,10:363,3:4,390,844,6509,https://www.figma.com/design/Rn7Z8KYAKbiz7S6ns6qB4i?node-id=10-363,cycle,public-reader | contributor | maintainer | sponsor,funding-classes-disabled | cycle-history-recovery
state,home-community,/?view=home-community,current,Desktop,10:11040,3:5,1440,1000,2413,https://www.figma.com/design/Rn7Z8KYAKbiz7S6ns6qB4i?node-id=10-11040,home,public-reader | contributor | maintainer | sponsor,discover-contribute
state,home-community,/?view=home-community,current,Mobile,10:11041,3:5,390,844,3887,https://www.figma.com/design/Rn7Z8KYAKbiz7S6ns6qB4i?node-id=10-11041,home,public-reader | contributor | maintainer | sponsor,discover-contribute
state,home-all,/?view=home-all,current,Desktop,10:11043,3:5,1440,1000,2827,https://www.figma.com/design/Rn7Z8KYAKbiz7S6ns6qB4i?node-id=10-11043,home,public-reader | contributor | maintainer | sponsor,
state,home-all,/?view=home-all,current,Mobile,10:11044,3:5,390,844,4601,https://www.figma.com/design/Rn7Z8KYAKbiz7S6ns6qB4i?node-id=10-11044,home,public-reader | contributor | maintainer | sponsor,
state,home-search,/?view=home-search,current,Desktop,10:11046,3:5,1440,1000,1359,https://www.figma.com/design/Rn7Z8KYAKbiz7S6ns6qB4i?node-id=10-11046,home,public-reader | contributor | maintainer | sponsor,discover-contribute
state,home-search,/?view=home-search,current,Mobile,10:11047,3:5,390,844,2038,https://www.figma.com/design/Rn7Z8KYAKbiz7S6ns6qB4i?node-id=10-11047,home,public-reader | contributor | maintainer | sponsor,discover-contribute
state,home-search-empty,/?q=no-results,current,Desktop,10:11049,3:5,1440,1000,911,https://www.figma.com/design/Rn7Z8KYAKbiz7S6ns6qB4i?node-id=10-11049,home,public-reader | contributor | maintainer | sponsor,discover-contribute
state,home-search-empty,/?q=no-results,current,Mobile,10:11050,3:5,390,844,1453,https://www.figma.com/design/Rn7Z8KYAKbiz7S6ns6qB4i?node-id=10-11050,home,public-reader | contributor | maintainer | sponsor,discover-contribute
state,home-loading,/,current,Desktop,10:11052,3:5,1440,1000,899,https://www.figma.com/design/Rn7Z8KYAKbiz7S6ns6qB4i?node-id=10-11052,home,public-reader | contributor | maintainer | sponsor,
state,home-loading,/,current,Mobile,10:11053,3:5,390,844,1439,https://www.figma.com/design/Rn7Z8KYAKbiz7S6ns6qB4i?node-id=10-11053,home,public-reader | contributor | maintainer | sponsor,
state,home-error,/,current,Desktop,10:11055,3:5,1440,1000,899,https://www.figma.com/design/Rn7Z8KYAKbiz7S6ns6qB4i?node-id=10-11055,home,public-reader | contributor | maintainer | sponsor,
state,home-error,/,current,Mobile,10:11056,3:5,390,844,1473,https://www.figma.com/design/Rn7Z8KYAKbiz7S6ns6qB4i?node-id=10-11056,home,public-reader | contributor | maintainer | sponsor,
state,home-stale,/,current,Desktop,10:11058,3:5,1440,1000,1152,https://www.figma.com/design/Rn7Z8KYAKbiz7S6ns6qB4i?node-id=10-11058,home,public-reader | contributor | maintainer | sponsor,
state,home-stale,/,current,Mobile,10:11059,3:5,390,844,1923,https://www.figma.com/design/Rn7Z8KYAKbiz7S6ns6qB4i?node-id=10-11059,home,public-reader | contributor | maintainer | sponsor,
state,home-money,/?sort=money,current,Desktop,10:11061,3:5,1440,1000,899,https://www.figma.com/design/Rn7Z8KYAKbiz7S6ns6qB4i?node-id=10-11061,home,public-reader | contributor | maintainer | sponsor,
state,home-money,/?sort=money,current,Mobile,10:11062,3:5,390,844,1549,https://www.figma.com/design/Rn7Z8KYAKbiz7S6ns6qB4i?node-id=10-11062,home,public-reader | contributor | maintainer | sponsor,
state,global-menu,/,current,Desktop,10:11064,3:5,1440,1000,899,https://www.figma.com/design/Rn7Z8KYAKbiz7S6ns6qB4i?node-id=10-11064,account,GitHub-member,github-account-privacy | keyboard-menu-recovery
state,global-menu,/,current,Mobile,10:11065,3:5,390,844,1683,https://www.figma.com/design/Rn7Z8KYAKbiz7S6ns6qB4i?node-id=10-11065,account,GitHub-member,github-account-privacy | keyboard-menu-recovery
state,login-provider,/login,gated,Desktop,10:11067,3:5,1440,1000,1231,https://www.figma.com/design/Rn7Z8KYAKbiz7S6ns6qB4i?node-id=10-11067,login,signed-out-visitor | contributor | maintainer,github-account-privacy
state,login-provider,/login,gated,Mobile,10:11068,3:5,390,844,1995,https://www.figma.com/design/Rn7Z8KYAKbiz7S6ns6qB4i?node-id=10-11068,login,signed-out-visitor | contributor | maintainer,github-account-privacy
state,login-error,/login,gated,Desktop,10:11070,3:5,1440,1000,1080,https://www.figma.com/design/Rn7Z8KYAKbiz7S6ns6qB4i?node-id=10-11070,login,signed-out-visitor | contributor | maintainer,github-account-privacy
state,login-error,/login,gated,Mobile,10:11071,3:5,390,844,1820,https://www.figma.com/design/Rn7Z8KYAKbiz7S6ns6qB4i?node-id=10-11071,login,signed-out-visitor | contributor | maintainer,github-account-privacy
state,account-onboarding,/account,gated,Desktop,10:11073,3:5,1440,1000,1638,https://www.figma.com/design/Rn7Z8KYAKbiz7S6ns6qB4i?node-id=10-11073,account,GitHub-member,github-account-privacy
state,account-onboarding,/account,gated,Mobile,10:11074,3:5,390,844,2471,https://www.figma.com/design/Rn7Z8KYAKbiz7S6ns6qB4i?node-id=10-11074,account,GitHub-member,github-account-privacy
state,account-saved,/account,gated,Desktop,10:11076,3:5,1440,1000,1333,https://www.figma.com/design/Rn7Z8KYAKbiz7S6ns6qB4i?node-id=10-11076,account,GitHub-member,github-account-privacy
state,account-saved,/account,gated,Mobile,10:11077,3:5,390,844,2192,https://www.figma.com/design/Rn7Z8KYAKbiz7S6ns6qB4i?node-id=10-11077,account,GitHub-member,github-account-privacy
state,account-x-connect,/account,gated,Desktop,10:11079,3:5,1440,1000,1148,https://www.figma.com/design/Rn7Z8KYAKbiz7S6ns6qB4i?node-id=10-11079,account,GitHub-member,x-connection-lifecycle
state,account-x-connect,/account,gated,Mobile,10:11080,3:5,390,844,1995,https://www.figma.com/design/Rn7Z8KYAKbiz7S6ns6qB4i?node-id=10-11080,account,GitHub-member,x-connection-lifecycle
state,account-x-linked,/account,gated,Desktop,10:11082,3:5,1440,1000,1585,https://www.figma.com/design/Rn7Z8KYAKbiz7S6ns6qB4i?node-id=10-11082,account,GitHub-member,x-connection-lifecycle
state,account-x-linked,/account,gated,Mobile,10:11083,3:5,390,844,2346,https://www.figma.com/design/Rn7Z8KYAKbiz7S6ns6qB4i?node-id=10-11083,account,GitHub-member,x-connection-lifecycle
state,account-x-conflict,/account,gated,Desktop,10:11085,3:5,1440,1000,1139,https://www.figma.com/design/Rn7Z8KYAKbiz7S6ns6qB4i?node-id=10-11085,account,GitHub-member,x-connection-lifecycle
state,account-x-conflict,/account,gated,Mobile,10:11086,3:5,390,844,1929,https://www.figma.com/design/Rn7Z8KYAKbiz7S6ns6qB4i?node-id=10-11086,account,GitHub-member,x-connection-lifecycle
state,account-x-disconnect,/account,gated,Desktop,10:11088,3:5,1440,1000,1105,https://www.figma.com/design/Rn7Z8KYAKbiz7S6ns6qB4i?node-id=10-11088,account,GitHub-member,x-connection-lifecycle
state,account-x-disconnect,/account,gated,Mobile,10:11089,3:5,390,844,1827,https://www.figma.com/design/Rn7Z8KYAKbiz7S6ns6qB4i?node-id=10-11089,account,GitHub-member,x-connection-lifecycle
state,account-wallet-base-address,/account,gated,Desktop,10:11091,3:5,1440,1000,1379,https://www.figma.com/design/Rn7Z8KYAKbiz7S6ns6qB4i?node-id=10-11091,account,GitHub-member,base-wallet-registration
state,account-wallet-base-address,/account,gated,Mobile,10:11092,3:5,390,844,2169,https://www.figma.com/design/Rn7Z8KYAKbiz7S6ns6qB4i?node-id=10-11092,account,GitHub-member,base-wallet-registration
state,account-wallet-base-confirm,/account,gated,Desktop,10:11094,3:5,1440,1000,1406,https://www.figma.com/design/Rn7Z8KYAKbiz7S6ns6qB4i?node-id=10-11094,account,GitHub-member,base-wallet-registration
state,account-wallet-base-confirm,/account,gated,Mobile,10:11095,3:5,390,844,2247,https://www.figma.com/design/Rn7Z8KYAKbiz7S6ns6qB4i?node-id=10-11095,account,GitHub-member,base-wallet-registration
state,account-wallet-base-proof,/account,gated,Desktop,10:11097,3:5,1440,1000,1417,https://www.figma.com/design/Rn7Z8KYAKbiz7S6ns6qB4i?node-id=10-11097,account,GitHub-member,base-wallet-registration
state,account-wallet-base-proof,/account,gated,Mobile,10:11098,3:5,390,844,2579,https://www.figma.com/design/Rn7Z8KYAKbiz7S6ns6qB4i?node-id=10-11098,account,GitHub-member,base-wallet-registration
state,account-wallet-base-saved,/account,gated,Desktop,10:11100,3:5,1440,1000,1603,https://www.figma.com/design/Rn7Z8KYAKbiz7S6ns6qB4i?node-id=10-11100,account,GitHub-member,base-wallet-registration
state,account-wallet-base-saved,/account,gated,Mobile,10:11101,3:5,390,844,2496,https://www.figma.com/design/Rn7Z8KYAKbiz7S6ns6qB4i?node-id=10-11101,account,GitHub-member,base-wallet-registration
state,account-wallet-solana-address,/account,gated,Desktop,10:11103,3:5,1440,1000,1379,https://www.figma.com/design/Rn7Z8KYAKbiz7S6ns6qB4i?node-id=10-11103,account,GitHub-member,solana-wallet-registration
state,account-wallet-solana-address,/account,gated,Mobile,10:11104,3:5,390,844,2169,https://www.figma.com/design/Rn7Z8KYAKbiz7S6ns6qB4i?node-id=10-11104,account,GitHub-member,solana-wallet-registration
state,account-wallet-solana-confirm,/account,gated,Desktop,10:11106,3:5,1440,1000,1406,https://www.figma.com/design/Rn7Z8KYAKbiz7S6ns6qB4i?node-id=10-11106,account,GitHub-member,solana-wallet-registration
state,account-wallet-solana-confirm,/account,gated,Mobile,10:11107,3:5,390,844,2247,https://www.figma.com/design/Rn7Z8KYAKbiz7S6ns6qB4i?node-id=10-11107,account,GitHub-member,solana-wallet-registration
state,account-wallet-solana-proof,/account,gated,Desktop,10:11109,3:5,1440,1000,1417,https://www.figma.com/design/Rn7Z8KYAKbiz7S6ns6qB4i?node-id=10-11109,account,GitHub-member,solana-wallet-registration
state,account-wallet-solana-proof,/account,gated,Mobile,10:11110,3:5,390,844,2579,https://www.figma.com/design/Rn7Z8KYAKbiz7S6ns6qB4i?node-id=10-11110,account,GitHub-member,solana-wallet-registration
state,account-wallet-solana-saved,/account,gated,Desktop,10:11112,3:5,1440,1000,1603,https://www.figma.com/design/Rn7Z8KYAKbiz7S6ns6qB4i?node-id=10-11112,account,GitHub-member,solana-wallet-registration
state,account-wallet-solana-saved,/account,gated,Mobile,10:11113,3:5,390,844,2536,https://www.figma.com/design/Rn7Z8KYAKbiz7S6ns6qB4i?node-id=10-11113,account,GitHub-member,solana-wallet-registration
state,account-wallet-unsupported,/account,gated,Desktop,10:11115,3:5,1440,1000,1190,https://www.figma.com/design/Rn7Z8KYAKbiz7S6ns6qB4i?node-id=10-11115,account,GitHub-member,base-wallet-registration | solana-wallet-registration
state,account-wallet-unsupported,/account,gated,Mobile,10:11116,3:5,390,844,2059,https://www.figma.com/design/Rn7Z8KYAKbiz7S6ns6qB4i?node-id=10-11116,account,GitHub-member,base-wallet-registration | solana-wallet-registration
state,account-recovery,/account,gated,Desktop,10:11118,3:5,1440,1000,1166,https://www.figma.com/design/Rn7Z8KYAKbiz7S6ns6qB4i?node-id=10-11118,account,GitHub-member,base-wallet-registration | solana-wallet-registration
state,account-recovery,/account,gated,Mobile,10:11119,3:5,390,844,2143,https://www.figma.com/design/Rn7Z8KYAKbiz7S6ns6qB4i?node-id=10-11119,account,GitHub-member,base-wallet-registration | solana-wallet-registration
state,account-sessions,/account,gated,Desktop,10:11121,3:5,1440,1000,1390,https://www.figma.com/design/Rn7Z8KYAKbiz7S6ns6qB4i?node-id=10-11121,account,GitHub-member,github-account-privacy
state,account-sessions,/account,gated,Mobile,10:11122,3:5,390,844,2373,https://www.figma.com/design/Rn7Z8KYAKbiz7S6ns6qB4i?node-id=10-11122,account,GitHub-member,github-account-privacy
state,account-close,/account,gated,Desktop,10:11124,3:5,1440,1000,1166,https://www.figma.com/design/Rn7Z8KYAKbiz7S6ns6qB4i?node-id=10-11124,account,GitHub-member,github-account-privacy
state,account-close,/account,gated,Mobile,10:11125,3:5,390,844,2091,https://www.figma.com/design/Rn7Z8KYAKbiz7S6ns6qB4i?node-id=10-11125,account,GitHub-member,github-account-privacy
state,earnings-states,/earnings,gated,Desktop,10:11127,3:5,1440,1000,1598,https://www.figma.com/design/Rn7Z8KYAKbiz7S6ns6qB4i?node-id=10-11127,earnings,contributor | public-reader,earnings-policy-scenario
state,earnings-states,/earnings,gated,Mobile,10:11128,3:5,390,844,3503,https://www.figma.com/design/Rn7Z8KYAKbiz7S6ns6qB4i?node-id=10-11128,earnings,contributor | public-reader,earnings-policy-scenario
state,earnings-fees,/earnings,gated,Desktop,10:11130,3:5,1440,1000,1456,https://www.figma.com/design/Rn7Z8KYAKbiz7S6ns6qB4i?node-id=10-11130,earnings,contributor | public-reader,earnings-policy-scenario
state,earnings-fees,/earnings,gated,Mobile,10:11131,3:5,390,844,2922,https://www.figma.com/design/Rn7Z8KYAKbiz7S6ns6qB4i?node-id=10-11131,earnings,contributor | public-reader,earnings-policy-scenario
state,earnings-error,/earnings,gated,Desktop,10:11133,3:5,1440,1000,1139,https://www.figma.com/design/Rn7Z8KYAKbiz7S6ns6qB4i?node-id=10-11133,earnings,contributor | public-reader,earnings-policy-scenario
state,earnings-error,/earnings,gated,Mobile,10:11134,3:5,390,844,1960,https://www.figma.com/design/Rn7Z8KYAKbiz7S6ns6qB4i?node-id=10-11134,earnings,contributor | public-reader,earnings-policy-scenario
state,receipts-details,/receipts,current,Desktop,10:11136,3:5,1440,1000,1741,https://www.figma.com/design/Rn7Z8KYAKbiz7S6ns6qB4i?node-id=10-11136,receipts,public-reader | contributor | maintainer | sponsor,receipt-inspection-retry
state,receipts-details,/receipts,current,Mobile,10:11137,3:5,390,844,3213,https://www.figma.com/design/Rn7Z8KYAKbiz7S6ns6qB4i?node-id=10-11137,receipts,public-reader | contributor | maintainer | sponsor,receipt-inspection-retry
state,receipts-empty,/receipts?q=no-match,current,Desktop,10:11139,3:5,1440,1000,1097,https://www.figma.com/design/Rn7Z8KYAKbiz7S6ns6qB4i?node-id=10-11139,receipts,public-reader | contributor | maintainer | sponsor,receipt-inspection-retry
state,receipts-empty,/receipts?q=no-match,current,Mobile,10:11140,3:5,390,844,1662,https://www.figma.com/design/Rn7Z8KYAKbiz7S6ns6qB4i?node-id=10-11140,receipts,public-reader | contributor | maintainer | sponsor,receipt-inspection-retry
state,models-filter,/models,current,Desktop,10:11142,3:5,1440,1000,1373,https://www.figma.com/design/Rn7Z8KYAKbiz7S6ns6qB4i?node-id=10-11142,models,public-reader | contributor | maintainer | sponsor,models-verification
state,models-filter,/models,current,Mobile,10:11143,3:5,390,844,2009,https://www.figma.com/design/Rn7Z8KYAKbiz7S6ns6qB4i?node-id=10-11143,models,public-reader | contributor | maintainer | sponsor,models-verification
state,models-clients,/models,current,Desktop,10:11145,3:5,1440,1000,1633,https://www.figma.com/design/Rn7Z8KYAKbiz7S6ns6qB4i?node-id=10-11145,models,public-reader | contributor | maintainer | sponsor,models-verification
state,models-clients,/models,current,Mobile,10:11146,3:5,390,844,2326,https://www.figma.com/design/Rn7Z8KYAKbiz7S6ns6qB4i?node-id=10-11146,models,public-reader | contributor | maintainer | sponsor,models-verification
state,models-declaration,/models,current,Desktop,10:11148,3:5,1440,1000,1526,https://www.figma.com/design/Rn7Z8KYAKbiz7S6ns6qB4i?node-id=10-11148,models,public-reader | contributor | maintainer | sponsor,models-verification
state,models-declaration,/models,current,Mobile,10:11149,3:5,390,844,2149,https://www.figma.com/design/Rn7Z8KYAKbiz7S6ns6qB4i?node-id=10-11149,models,public-reader | contributor | maintainer | sponsor,models-verification
state,how-verification,/how-it-works#verification,current,Desktop,10:11151,3:5,1440,1000,1450,https://www.figma.com/design/Rn7Z8KYAKbiz7S6ns6qB4i?node-id=10-11151,how,public-reader | contributor | maintainer | sponsor,models-verification
state,how-verification,/how-it-works#verification,current,Mobile,10:11152,3:5,390,844,2128,https://www.figma.com/design/Rn7Z8KYAKbiz7S6ns6qB4i?node-id=10-11152,how,public-reader | contributor | maintainer | sponsor,models-verification
state,how-verification-tools,/how-it-works#verification,current,Desktop,10:11154,3:5,1440,1000,1562,https://www.figma.com/design/Rn7Z8KYAKbiz7S6ns6qB4i?node-id=10-11154,how,public-reader | contributor | maintainer | sponsor,models-verification
state,how-verification-tools,/how-it-works#verification,current,Mobile,10:11155,3:5,390,844,2356,https://www.figma.com/design/Rn7Z8KYAKbiz7S6ns6qB4i?node-id=10-11155,how,public-reader | contributor | maintainer | sponsor,models-verification
state,how-verification-error,/how-it-works#verification,current,Desktop,10:11157,3:5,1440,1000,1005,https://www.figma.com/design/Rn7Z8KYAKbiz7S6ns6qB4i?node-id=10-11157,how,public-reader | contributor | maintainer | sponsor,models-verification
state,how-verification-error,/how-it-works#verification,current,Mobile,10:11158,3:5,390,844,1777,https://www.figma.com/design/Rn7Z8KYAKbiz7S6ns6qB4i?node-id=10-11158,how,public-reader | contributor | maintainer | sponsor,models-verification
state,project-asi,/projects/asi,current,Desktop,10:11160,3:5,1440,1000,4797,https://www.figma.com/design/Rn7Z8KYAKbiz7S6ns6qB4i?node-id=10-11160,project,public-reader | contributor | maintainer | sponsor,
state,project-asi,/projects/asi,current,Mobile,10:11161,3:5,390,844,6671,https://www.figma.com/design/Rn7Z8KYAKbiz7S6ns6qB4i?node-id=10-11161,project,public-reader | contributor | maintainer | sponsor,
state,project-external-prize,/projects/delta-star,current,Desktop,10:11163,3:5,1440,1000,5194,https://www.figma.com/design/Rn7Z8KYAKbiz7S6ns6qB4i?node-id=10-11163,project,public-reader | contributor | maintainer | sponsor,funding-classes-disabled
state,project-external-prize,/projects/delta-star,current,Mobile,10:11164,3:5,390,844,7242,https://www.figma.com/design/Rn7Z8KYAKbiz7S6ns6qB4i?node-id=10-11164,project,public-reader | contributor | maintainer | sponsor,funding-classes-disabled
state,project-paused,/projects/canonry,current,Desktop,10:11166,3:5,1440,1000,4982,https://www.figma.com/design/Rn7Z8KYAKbiz7S6ns6qB4i?node-id=10-11166,project,public-reader | contributor | maintainer | sponsor,discover-contribute
state,project-paused,/projects/canonry,current,Mobile,10:11167,3:5,390,844,6993,https://www.figma.com/design/Rn7Z8KYAKbiz7S6ns6qB4i?node-id=10-11167,project,public-reader | contributor | maintainer | sponsor,discover-contribute
state,project-archived,/projects/eliza,gated,Desktop,10:11169,3:5,1440,1000,1639,https://www.figma.com/design/Rn7Z8KYAKbiz7S6ns6qB4i?node-id=10-11169,project,public-reader | contributor | maintainer | sponsor,
state,project-archived,/projects/eliza,gated,Mobile,10:11170,3:5,390,844,2509,https://www.figma.com/design/Rn7Z8KYAKbiz7S6ns6qB4i?node-id=10-11170,project,public-reader | contributor | maintainer | sponsor,
state,project-restricted,/projects/eliza,gated,Desktop,10:11172,3:5,1440,1000,1639,https://www.figma.com/design/Rn7Z8KYAKbiz7S6ns6qB4i?node-id=10-11172,project,public-reader | contributor | maintainer | sponsor,discover-contribute
state,project-restricted,/projects/eliza,gated,Mobile,10:11173,3:5,390,844,2603,https://www.figma.com/design/Rn7Z8KYAKbiz7S6ns6qB4i?node-id=10-11173,project,public-reader | contributor | maintainer | sponsor,discover-contribute
state,project-stale,/projects/eliza,current,Desktop,10:11175,3:5,1440,1000,1513,https://www.figma.com/design/Rn7Z8KYAKbiz7S6ns6qB4i?node-id=10-11175,project,public-reader | contributor | maintainer | sponsor,
state,project-stale,/projects/eliza,current,Mobile,10:11176,3:5,390,844,2323,https://www.figma.com/design/Rn7Z8KYAKbiz7S6ns6qB4i?node-id=10-11176,project,public-reader | contributor | maintainer | sponsor,
state,project-funding-error,/projects/eliza/funding#records,current,Desktop,10:11178,3:5,1440,1000,1333,https://www.figma.com/design/Rn7Z8KYAKbiz7S6ns6qB4i?node-id=10-11178,project-funding,public-reader | project-steward | authorized-signer,funding-classes-disabled
state,project-funding-error,/projects/eliza/funding#records,current,Mobile,10:11179,3:5,390,844,2097,https://www.figma.com/design/Rn7Z8KYAKbiz7S6ns6qB4i?node-id=10-11179,project-funding,public-reader | project-steward | authorized-signer,funding-classes-disabled
state,project-funding-scenario,/projects/eliza/funding#vault,gated,Desktop,10:11181,3:5,1440,1000,3729,https://www.figma.com/design/Rn7Z8KYAKbiz7S6ns6qB4i?node-id=10-11181,project-funding,public-reader | project-steward | authorized-signer,earnings-policy-scenario | maintainer-adjustment | funding-classes-disabled
state,project-funding-scenario,/projects/eliza/funding#vault,gated,Mobile,10:11182,3:5,390,844,5692,https://www.figma.com/design/Rn7Z8KYAKbiz7S6ns6qB4i?node-id=10-11182,project-funding,public-reader | project-steward | authorized-signer,earnings-policy-scenario | maintainer-adjustment | funding-classes-disabled
state,project-manage-page-two,/projects/eliza/manage#recipients,current,Desktop,10:11184,3:5,1440,1000,3218,https://www.figma.com/design/Rn7Z8KYAKbiz7S6ns6qB4i?node-id=10-11184,project-manage,repository-admin-or-explicit-delegate,maintainer-adjustment
state,project-manage-page-two,/projects/eliza/manage#recipients,current,Mobile,10:11185,3:5,390,844,7135,https://www.figma.com/design/Rn7Z8KYAKbiz7S6ns6qB4i?node-id=10-11185,project-manage,repository-admin-or-explicit-delegate,maintainer-adjustment
state,project-manage-adjust,/projects/eliza/manage#recipient,gated,Desktop,10:11187,3:5,1440,1000,2376,https://www.figma.com/design/Rn7Z8KYAKbiz7S6ns6qB4i?node-id=10-11187,project-manage,repository-admin-or-explicit-delegate,maintainer-adjustment
state,project-manage-adjust,/projects/eliza/manage#recipient,gated,Mobile,10:11188,3:5,390,844,3718,https://www.figma.com/design/Rn7Z8KYAKbiz7S6ns6qB4i?node-id=10-11188,project-manage,repository-admin-or-explicit-delegate,maintainer-adjustment
state,project-manage-funding,/projects/eliza/manage#funding,current,Desktop,10:11190,3:5,1440,1000,3119,https://www.figma.com/design/Rn7Z8KYAKbiz7S6ns6qB4i?node-id=10-11190,project-manage,repository-admin-or-explicit-delegate,
state,project-manage-funding,/projects/eliza/manage#funding,current,Mobile,10:11191,3:5,390,844,4372,https://www.figma.com/design/Rn7Z8KYAKbiz7S6ns6qB4i?node-id=10-11191,project-manage,repository-admin-or-explicit-delegate,
state,project-manage-approve,/projects/eliza/manage#approval,current,Desktop,10:11193,3:5,1440,1000,2117,https://www.figma.com/design/Rn7Z8KYAKbiz7S6ns6qB4i?node-id=10-11193,project-manage,repository-admin-or-explicit-delegate,
state,project-manage-approve,/projects/eliza/manage#approval,current,Mobile,10:11194,3:5,390,844,3791,https://www.figma.com/design/Rn7Z8KYAKbiz7S6ns6qB4i?node-id=10-11194,project-manage,repository-admin-or-explicit-delegate,
state,project-manage-payments,/projects/eliza/manage#payments,current,Desktop,10:11196,3:5,1440,1000,2494,https://www.figma.com/design/Rn7Z8KYAKbiz7S6ns6qB4i?node-id=10-11196,project-manage,repository-admin-or-explicit-delegate,
state,project-manage-payments,/projects/eliza/manage#payments,current,Mobile,10:11197,3:5,390,844,4938,https://www.figma.com/design/Rn7Z8KYAKbiz7S6ns6qB4i?node-id=10-11197,project-manage,repository-admin-or-explicit-delegate,
state,project-manage-diff,/projects/eliza/manage#policy,approved-target,Desktop,10:11199,3:5,1440,1000,2614,https://www.figma.com/design/Rn7Z8KYAKbiz7S6ns6qB4i?node-id=10-11199,project-manage,repository-admin-or-explicit-delegate,discover-contribute | maintainer-adjustment
state,project-manage-diff,/projects/eliza/manage#policy,approved-target,Mobile,10:11200,3:5,390,844,4439,https://www.figma.com/design/Rn7Z8KYAKbiz7S6ns6qB4i?node-id=10-11200,project-manage,repository-admin-or-explicit-delegate,discover-contribute | maintainer-adjustment
state,project-manage-handoff,/projects/eliza/manage#handoff,current,Desktop,10:11202,3:5,1440,1000,2213,https://www.figma.com/design/Rn7Z8KYAKbiz7S6ns6qB4i?node-id=10-11202,project-manage,repository-admin-or-explicit-delegate,maintainer-adjustment
state,project-manage-handoff,/projects/eliza/manage#handoff,current,Mobile,10:11203,3:5,390,844,3415,https://www.figma.com/design/Rn7Z8KYAKbiz7S6ns6qB4i?node-id=10-11203,project-manage,repository-admin-or-explicit-delegate,maintainer-adjustment
state,project-manage-permission,/projects/eliza/manage,current,Desktop,10:11205,3:5,1440,1000,1621,https://www.figma.com/design/Rn7Z8KYAKbiz7S6ns6qB4i?node-id=10-11205,project-manage,repository-admin-or-explicit-delegate,maintainer-adjustment
state,project-manage-permission,/projects/eliza/manage,current,Mobile,10:11206,3:5,390,844,2599,https://www.figma.com/design/Rn7Z8KYAKbiz7S6ns6qB4i?node-id=10-11206,project-manage,repository-admin-or-explicit-delegate,maintainer-adjustment
state,project-new-lookup,/projects/new#repository,approved-target,Desktop,10:11208,3:5,1440,1000,3415,https://www.figma.com/design/Rn7Z8KYAKbiz7S6ns6qB4i?node-id=10-11208,project-new,project-proposer | repository-admin-or-explicit-delegate,project-wizard-pr
state,project-new-lookup,/projects/new#repository,approved-target,Mobile,10:11209,3:5,390,844,4538,https://www.figma.com/design/Rn7Z8KYAKbiz7S6ns6qB4i?node-id=10-11209,project-new,project-proposer | repository-admin-or-explicit-delegate,project-wizard-pr
state,project-new-invalid,/projects/new#repository,approved-target,Desktop,10:11211,3:5,1440,1000,1626,https://www.figma.com/design/Rn7Z8KYAKbiz7S6ns6qB4i?node-id=10-11211,project-new,project-proposer | repository-admin-or-explicit-delegate,project-wizard-pr
state,project-new-invalid,/projects/new#repository,approved-target,Mobile,10:11212,3:5,390,844,2681,https://www.figma.com/design/Rn7Z8KYAKbiz7S6ns6qB4i?node-id=10-11212,project-new,project-proposer | repository-admin-or-explicit-delegate,project-wizard-pr
state,project-new-saved,/projects/new#draft,approved-target,Desktop,10:11214,3:5,1440,1000,1611,https://www.figma.com/design/Rn7Z8KYAKbiz7S6ns6qB4i?node-id=10-11214,project-new,project-proposer | repository-admin-or-explicit-delegate,project-wizard-pr
state,project-new-saved,/projects/new#draft,approved-target,Mobile,10:11215,3:5,390,844,2583,https://www.figma.com/design/Rn7Z8KYAKbiz7S6ns6qB4i?node-id=10-11215,project-new,project-proposer | repository-admin-or-explicit-delegate,project-wizard-pr
state,project-new-rules,/projects/new#rules,approved-target,Desktop,10:11217,3:5,1440,1000,4452,https://www.figma.com/design/Rn7Z8KYAKbiz7S6ns6qB4i?node-id=10-11217,project-new,project-proposer | repository-admin-or-explicit-delegate,project-wizard-pr
state,project-new-rules,/projects/new#rules,approved-target,Mobile,10:11218,3:5,390,844,6166,https://www.figma.com/design/Rn7Z8KYAKbiz7S6ns6qB4i?node-id=10-11218,project-new,project-proposer | repository-admin-or-explicit-delegate,project-wizard-pr
state,project-new-rewards,/projects/new#rewards,approved-target,Desktop,10:11220,3:5,1440,1000,2245,https://www.figma.com/design/Rn7Z8KYAKbiz7S6ns6qB4i?node-id=10-11220,project-new,project-proposer | repository-admin-or-explicit-delegate,project-wizard-pr
state,project-new-rewards,/projects/new#rewards,approved-target,Mobile,10:11221,3:5,390,844,3712,https://www.figma.com/design/Rn7Z8KYAKbiz7S6ns6qB4i?node-id=10-11221,project-new,project-proposer | repository-admin-or-explicit-delegate,project-wizard-pr
state,project-new-funding,/projects/new#funding,approved-target,Desktop,10:11223,3:5,1440,1000,2806,https://www.figma.com/design/Rn7Z8KYAKbiz7S6ns6qB4i?node-id=10-11223,project-new,project-proposer | repository-admin-or-explicit-delegate,project-wizard-pr
state,project-new-funding,/projects/new#funding,approved-target,Mobile,10:11224,3:5,390,844,4269,https://www.figma.com/design/Rn7Z8KYAKbiz7S6ns6qB4i?node-id=10-11224,project-new,project-proposer | repository-admin-or-explicit-delegate,project-wizard-pr
state,project-new-review,/projects/new#review,approved-target,Desktop,10:11226,3:5,1440,1000,6221,https://www.figma.com/design/Rn7Z8KYAKbiz7S6ns6qB4i?node-id=10-11226,project-new,project-proposer | repository-admin-or-explicit-delegate,project-wizard-pr
state,project-new-review,/projects/new#review,approved-target,Mobile,10:11227,3:5,390,844,10392,https://www.figma.com/design/Rn7Z8KYAKbiz7S6ns6qB4i?node-id=10-11227,project-new,project-proposer | repository-admin-or-explicit-delegate,project-wizard-pr
state,project-new-handoff,/projects/new#handoff,approved-target,Desktop,10:11229,3:5,1440,1000,2066,https://www.figma.com/design/Rn7Z8KYAKbiz7S6ns6qB4i?node-id=10-11229,project-new,project-proposer | repository-admin-or-explicit-delegate,project-wizard-pr
state,project-new-handoff,/projects/new#handoff,approved-target,Mobile,10:11230,3:5,390,844,3339,https://www.figma.com/design/Rn7Z8KYAKbiz7S6ns6qB4i?node-id=10-11230,project-new,project-proposer | repository-admin-or-explicit-delegate,project-wizard-pr
state,project-new-copy-failed,/projects/new#copy,approved-target,Desktop,10:11232,3:5,1440,1000,1278,https://www.figma.com/design/Rn7Z8KYAKbiz7S6ns6qB4i?node-id=10-11232,project-new,project-proposer | repository-admin-or-explicit-delegate,project-wizard-pr
state,project-new-copy-failed,/projects/new#copy,approved-target,Mobile,10:11233,3:5,390,844,2177,https://www.figma.com/design/Rn7Z8KYAKbiz7S6ns6qB4i?node-id=10-11233,project-new,project-proposer | repository-admin-or-explicit-delegate,project-wizard-pr
state,cycle-external,/cycles/delta-star/2026-09,current,Desktop,10:11235,3:5,1440,1000,2083,https://www.figma.com/design/Rn7Z8KYAKbiz7S6ns6qB4i?node-id=10-11235,cycle,public-reader | contributor | maintainer | sponsor,funding-classes-disabled | cycle-history-recovery
state,cycle-external,/cycles/delta-star/2026-09,current,Mobile,10:11236,3:5,390,844,3249,https://www.figma.com/design/Rn7Z8KYAKbiz7S6ns6qB4i?node-id=10-11236,cycle,public-reader | contributor | maintainer | sponsor,funding-classes-disabled | cycle-history-recovery
state,cycles-error,/cycles,current,Desktop,10:11238,3:5,1440,1000,1158,https://www.figma.com/design/Rn7Z8KYAKbiz7S6ns6qB4i?node-id=10-11238,cycles,public-reader | contributor | maintainer | sponsor,cycle-history-recovery
state,cycles-error,/cycles,current,Mobile,10:11239,3:5,390,844,1841,https://www.figma.com/design/Rn7Z8KYAKbiz7S6ns6qB4i?node-id=10-11239,cycles,public-reader | contributor | maintainer | sponsor,cycle-history-recovery
state,receipts-error,/receipts,current,Desktop,10:11241,3:5,1440,1000,946,https://www.figma.com/design/Rn7Z8KYAKbiz7S6ns6qB4i?node-id=10-11241,receipts,public-reader | contributor | maintainer | sponsor,receipt-inspection-retry
state,receipts-error,/receipts,current,Mobile,10:11242,3:5,390,844,1531,https://www.figma.com/design/Rn7Z8KYAKbiz7S6ns6qB4i?node-id=10-11242,receipts,public-reader | contributor | maintainer | sponsor,receipt-inspection-retry
state,receipts-loading,/receipts,current,Desktop,10:11244,3:5,1440,1000,1097,https://www.figma.com/design/Rn7Z8KYAKbiz7S6ns6qB4i?node-id=10-11244,receipts,public-reader | contributor | maintainer | sponsor,receipt-inspection-retry
state,receipts-loading,/receipts,current,Mobile,10:11245,3:5,390,844,1595,https://www.figma.com/design/Rn7Z8KYAKbiz7S6ns6qB4i?node-id=10-11245,receipts,public-reader | contributor | maintainer | sponsor,receipt-inspection-retry
state,receipts-invalid,/receipts,current,Desktop,10:11247,3:5,1440,1000,946,https://www.figma.com/design/Rn7Z8KYAKbiz7S6ns6qB4i?node-id=10-11247,receipts,public-reader | contributor | maintainer | sponsor,receipt-inspection-retry
state,receipts-invalid,/receipts,current,Mobile,10:11248,3:5,390,844,1535,https://www.figma.com/design/Rn7Z8KYAKbiz7S6ns6qB4i?node-id=10-11248,receipts,public-reader | contributor | maintainer | sponsor,receipt-inspection-retry
state,models-loading,/models,current,Desktop,10:11250,3:5,1440,1000,946,https://www.figma.com/design/Rn7Z8KYAKbiz7S6ns6qB4i?node-id=10-11250,models,public-reader | contributor | maintainer | sponsor,
state,models-loading,/models,current,Mobile,10:11251,3:5,390,844,1444,https://www.figma.com/design/Rn7Z8KYAKbiz7S6ns6qB4i?node-id=10-11251,models,public-reader | contributor | maintainer | sponsor,
state,models-error,/models,current,Desktop,10:11253,3:5,1440,1000,946,https://www.figma.com/design/Rn7Z8KYAKbiz7S6ns6qB4i?node-id=10-11253,models,public-reader | contributor | maintainer | sponsor,
state,models-error,/models,current,Mobile,10:11254,3:5,390,844,1507,https://www.figma.com/design/Rn7Z8KYAKbiz7S6ns6qB4i?node-id=10-11254,models,public-reader | contributor | maintainer | sponsor,
state,models-empty,/models,current,Desktop,10:11256,3:5,1440,1000,946,https://www.figma.com/design/Rn7Z8KYAKbiz7S6ns6qB4i?node-id=10-11256,models,public-reader | contributor | maintainer | sponsor,
state,models-empty,/models,current,Mobile,10:11257,3:5,390,844,1508,https://www.figma.com/design/Rn7Z8KYAKbiz7S6ns6qB4i?node-id=10-11257,models,public-reader | contributor | maintainer | sponsor,
state,account-permission,/account,gated,Desktop,10:11259,3:5,1440,1000,970,https://www.figma.com/design/Rn7Z8KYAKbiz7S6ns6qB4i?node-id=10-11259,account,GitHub-member,
state,account-permission,/account,gated,Mobile,10:11260,3:5,390,844,1657,https://www.figma.com/design/Rn7Z8KYAKbiz7S6ns6qB4i?node-id=10-11260,account,GitHub-member,
state,account-consent-invalid,/account,gated,Desktop,10:11262,3:5,1440,1000,1228,https://www.figma.com/design/Rn7Z8KYAKbiz7S6ns6qB4i?node-id=10-11262,account,GitHub-member,
state,account-consent-invalid,/account,gated,Mobile,10:11263,3:5,390,844,2014,https://www.figma.com/design/Rn7Z8KYAKbiz7S6ns6qB4i?node-id=10-11263,account,GitHub-member,
state,account-save-error,/account,gated,Desktop,10:11265,3:5,1440,1000,946,https://www.figma.com/design/Rn7Z8KYAKbiz7S6ns6qB4i?node-id=10-11265,account,GitHub-member,
state,account-save-error,/account,gated,Mobile,10:11266,3:5,390,844,1633,https://www.figma.com/design/Rn7Z8KYAKbiz7S6ns6qB4i?node-id=10-11266,account,GitHub-member,
state,profile-error,/contributors/ss251,current,Desktop,10:11268,3:5,1440,1000,946,https://www.figma.com/design/Rn7Z8KYAKbiz7S6ns6qB4i?node-id=10-11268,profile,public-reader | contributor | maintainer | sponsor,
state,profile-error,/contributors/ss251,current,Mobile,10:11269,3:5,390,844,1633,https://www.figma.com/design/Rn7Z8KYAKbiz7S6ns6qB4i?node-id=10-11269,profile,public-reader | contributor | maintainer | sponsor,
state,points-error,/points,current,Desktop,10:11271,3:5,1440,1000,946,https://www.figma.com/design/Rn7Z8KYAKbiz7S6ns6qB4i?node-id=10-11271,points,public-reader | contributor | maintainer | sponsor,
state,points-error,/points,current,Mobile,10:11272,3:5,390,844,1609,https://www.figma.com/design/Rn7Z8KYAKbiz7S6ns6qB4i?node-id=10-11272,points,public-reader | contributor | maintainer | sponsor,
state,earnings-loading,/earnings,gated,Desktop,10:11274,3:5,1440,1000,970,https://www.figma.com/design/Rn7Z8KYAKbiz7S6ns6qB4i?node-id=10-11274,earnings,contributor | public-reader,
state,earnings-loading,/earnings,gated,Mobile,10:11275,3:5,390,844,1557,https://www.figma.com/design/Rn7Z8KYAKbiz7S6ns6qB4i?node-id=10-11275,earnings,contributor | public-reader,
state,project-manage-filter-missing,/projects/eliza/manage,current,Desktop,10:35266,3:5,1440,1000,3546,https://www.figma.com/design/Rn7Z8KYAKbiz7S6ns6qB4i?node-id=10-35266,project-manage,repository-admin-or-explicit-delegate,
state,project-manage-filter-missing,/projects/eliza/manage,current,Mobile,10:35267,3:5,390,844,8665,https://www.figma.com/design/Rn7Z8KYAKbiz7S6ns6qB4i?node-id=10-35267,project-manage,repository-admin-or-explicit-delegate,
state,project-manage-filter-excluded,/projects/eliza/manage,current,Desktop,10:35269,3:5,1440,1000,2836,https://www.figma.com/design/Rn7Z8KYAKbiz7S6ns6qB4i?node-id=10-35269,project-manage,repository-admin-or-explicit-delegate,
state,project-manage-filter-excluded,/projects/eliza/manage,current,Mobile,10:35270,3:5,390,844,4437,https://www.figma.com/design/Rn7Z8KYAKbiz7S6ns6qB4i?node-id=10-35270,project-manage,repository-admin-or-explicit-delegate,
state,project-manage-filter-changed,/projects/eliza/manage,gated,Desktop,10:35272,3:5,1440,1000,2876,https://www.figma.com/design/Rn7Z8KYAKbiz7S6ns6qB4i?node-id=10-35272,project-manage,repository-admin-or-explicit-delegate,
state,project-manage-filter-changed,/projects/eliza/manage,gated,Mobile,10:35273,3:5,390,844,4647,https://www.figma.com/design/Rn7Z8KYAKbiz7S6ns6qB4i?node-id=10-35273,project-manage,repository-admin-or-explicit-delegate,
state,project-manage-filter-review,/projects/eliza/manage,current,Desktop,10:35275,3:5,1440,1000,4059,https://www.figma.com/design/Rn7Z8KYAKbiz7S6ns6qB4i?node-id=10-35275,project-manage,repository-admin-or-explicit-delegate,
state,project-manage-filter-review,/projects/eliza/manage,current,Mobile,10:35276,3:5,390,844,11258,https://www.figma.com/design/Rn7Z8KYAKbiz7S6ns6qB4i?node-id=10-35276,project-manage,repository-admin-or-explicit-delegate,
state,project-manage-eliza-review,/projects/eliza/manage#review,approved-target,Desktop,10:35278,3:5,1440,1000,7178,https://www.figma.com/design/Rn7Z8KYAKbiz7S6ns6qB4i?node-id=10-35278,project-manage,repository-admin-or-explicit-delegate,maintainer-adjustment
state,project-manage-eliza-review,/projects/eliza/manage#review,approved-target,Mobile,10:35279,3:5,390,844,10224,https://www.figma.com/design/Rn7Z8KYAKbiz7S6ns6qB4i?node-id=10-35279,project-manage,repository-admin-or-explicit-delegate,maintainer-adjustment
state,project-manage-canonry-review,/projects/canonry/manage#review,approved-target,Desktop,10:35281,3:5,1440,1000,5772,https://www.figma.com/design/Rn7Z8KYAKbiz7S6ns6qB4i?node-id=10-35281,project-manage,repository-admin-or-explicit-delegate,project-wizard-pr
state,project-manage-canonry-review,/projects/canonry/manage#review,approved-target,Mobile,10:35282,3:5,390,844,8284,https://www.figma.com/design/Rn7Z8KYAKbiz7S6ns6qB4i?node-id=10-35282,project-manage,repository-admin-or-explicit-delegate,project-wizard-pr
state,project-manage-canonry-diff,/projects/canonry/manage#policy,approved-target,Desktop,10:35284,3:5,1440,1000,2215,https://www.figma.com/design/Rn7Z8KYAKbiz7S6ns6qB4i?node-id=10-35284,project-manage,repository-admin-or-explicit-delegate,project-wizard-pr
state,project-manage-canonry-diff,/projects/canonry/manage#policy,approved-target,Mobile,10:35285,3:5,390,844,3714,https://www.figma.com/design/Rn7Z8KYAKbiz7S6ns6qB4i?node-id=10-35285,project-manage,repository-admin-or-explicit-delegate,project-wizard-pr
state,project-manage-policy-handoff,/projects/eliza/manage#policy-handoff,approved-target,Desktop,10:35287,3:5,1440,1000,2170,https://www.figma.com/design/Rn7Z8KYAKbiz7S6ns6qB4i?node-id=10-35287,project-manage,repository-admin-or-explicit-delegate,maintainer-adjustment
state,project-manage-policy-handoff,/projects/eliza/manage#policy-handoff,approved-target,Mobile,10:35288,3:5,390,844,3044,https://www.figma.com/design/Rn7Z8KYAKbiz7S6ns6qB4i?node-id=10-35288,project-manage,repository-admin-or-explicit-delegate,maintainer-adjustment
state,project-manage-canonry-handoff,/projects/canonry/manage#policy-handoff,approved-target,Desktop,10:35290,3:5,1440,1000,2170,https://www.figma.com/design/Rn7Z8KYAKbiz7S6ns6qB4i?node-id=10-35290,project-manage,repository-admin-or-explicit-delegate,project-wizard-pr
state,project-manage-canonry-handoff,/projects/canonry/manage#policy-handoff,approved-target,Mobile,10:35291,3:5,390,844,3044,https://www.figma.com/design/Rn7Z8KYAKbiz7S6ns6qB4i?node-id=10-35291,project-manage,repository-admin-or-explicit-delegate,project-wizard-pr
state,project-manage-request-copy,/projects/eliza/manage#handoff,current,Desktop,10:35293,3:5,1440,1000,1840,https://www.figma.com/design/Rn7Z8KYAKbiz7S6ns6qB4i?node-id=10-35293,project-manage,repository-admin-or-explicit-delegate,
state,project-manage-request-copy,/projects/eliza/manage#handoff,current,Mobile,10:35294,3:5,390,844,2824,https://www.figma.com/design/Rn7Z8KYAKbiz7S6ns6qB4i?node-id=10-35294,project-manage,repository-admin-or-explicit-delegate,
state,project-manage-download-proposal,/projects/eliza/manage#handoff,current,Desktop,10:35296,3:5,1440,1000,1350,https://www.figma.com/design/Rn7Z8KYAKbiz7S6ns6qB4i?node-id=10-35296,project-manage,repository-admin-or-explicit-delegate,
state,project-manage-download-proposal,/projects/eliza/manage#handoff,current,Mobile,10:35297,3:5,390,844,2105,https://www.figma.com/design/Rn7Z8KYAKbiz7S6ns6qB4i?node-id=10-35297,project-manage,repository-admin-or-explicit-delegate,
state,project-manage-download-review,/projects/eliza/manage#handoff,current,Desktop,10:35299,3:5,1440,1000,1350,https://www.figma.com/design/Rn7Z8KYAKbiz7S6ns6qB4i?node-id=10-35299,project-manage,repository-admin-or-explicit-delegate,
state,project-manage-download-review,/projects/eliza/manage#handoff,current,Mobile,10:35300,3:5,390,844,2132,https://www.figma.com/design/Rn7Z8KYAKbiz7S6ns6qB4i?node-id=10-35300,project-manage,repository-admin-or-explicit-delegate,
state,project-new-download-manifest,/projects/eliza/manage#handoff,current,Desktop,10:35302,3:5,1440,1000,1350,https://www.figma.com/design/Rn7Z8KYAKbiz7S6ns6qB4i?node-id=10-35302,project-manage,repository-admin-or-explicit-delegate,
state,project-new-download-manifest,/projects/eliza/manage#handoff,current,Mobile,10:35303,3:5,390,844,2185,https://www.figma.com/design/Rn7Z8KYAKbiz7S6ns6qB4i?node-id=10-35303,project-manage,repository-admin-or-explicit-delegate,
state,cycle-download-feedback,/projects/eliza/manage#handoff,current,Desktop,10:35305,3:5,1440,1000,1350,https://www.figma.com/design/Rn7Z8KYAKbiz7S6ns6qB4i?node-id=10-35305,project-manage,repository-admin-or-explicit-delegate,
state,cycle-download-feedback,/projects/eliza/manage#handoff,current,Mobile,10:35306,3:5,390,844,2145,https://www.figma.com/design/Rn7Z8KYAKbiz7S6ns6qB4i?node-id=10-35306,project-manage,repository-admin-or-explicit-delegate,
state,project-manage-download-intake,/projects/eliza/manage#funding,current,Desktop,10:35308,3:5,1440,1000,1350,https://www.figma.com/design/Rn7Z8KYAKbiz7S6ns6qB4i?node-id=10-35308,project-manage,repository-admin-or-explicit-delegate,
state,project-manage-download-intake,/projects/eliza/manage#funding,current,Mobile,10:35309,3:5,390,844,2166,https://www.figma.com/design/Rn7Z8KYAKbiz7S6ns6qB4i?node-id=10-35309,project-manage,repository-admin-or-explicit-delegate,
state,project-manage-download-verification,/projects/eliza/manage#funding,current,Desktop,10:35311,3:5,1440,1000,1350,https://www.figma.com/design/Rn7Z8KYAKbiz7S6ns6qB4i?node-id=10-35311,project-manage,repository-admin-or-explicit-delegate,
state,project-manage-download-verification,/projects/eliza/manage#funding,current,Mobile,10:35312,3:5,390,844,2193,https://www.figma.com/design/Rn7Z8KYAKbiz7S6ns6qB4i?node-id=10-35312,project-manage,repository-admin-or-explicit-delegate,
state,project-manage-filter-review-page-two,/projects/eliza/manage#recipients,current,Desktop,10:35314,3:5,1440,1000,3286,https://www.figma.com/design/Rn7Z8KYAKbiz7S6ns6qB4i?node-id=10-35314,project-manage,repository-admin-or-explicit-delegate,
state,project-manage-filter-review-page-two,/projects/eliza/manage#recipients,current,Mobile,10:35315,3:5,390,844,7337,https://www.figma.com/design/Rn7Z8KYAKbiz7S6ns6qB4i?node-id=10-35315,project-manage,repository-admin-or-explicit-delegate,
state,project-darling-arm64,/projects/darling-arm64,current,Desktop,10:35317,3:5,1440,1000,5765,https://www.figma.com/design/Rn7Z8KYAKbiz7S6ns6qB4i?node-id=10-35317,project,public-reader | contributor | maintainer | sponsor,
state,project-darling-arm64,/projects/darling-arm64,current,Mobile,10:35318,3:5,390,844,7604,https://www.figma.com/design/Rn7Z8KYAKbiz7S6ns6qB4i?node-id=10-35318,project,public-reader | contributor | maintainer | sponsor,
state,project-eliza-plugin-homonym,/projects/eliza-plugin-homonym,current,Desktop,10:35320,3:5,1440,1000,5701,https://www.figma.com/design/Rn7Z8KYAKbiz7S6ns6qB4i?node-id=10-35320,project,public-reader | contributor | maintainer | sponsor,
state,project-eliza-plugin-homonym,/projects/eliza-plugin-homonym,current,Mobile,10:35321,3:5,390,844,7526,https://www.figma.com/design/Rn7Z8KYAKbiz7S6ns6qB4i?node-id=10-35321,project,public-reader | contributor | maintainer | sponsor,
state,project-heir-desk-sdk,/projects/heir-desk-sdk,current,Desktop,10:35323,3:5,1440,1000,5674,https://www.figma.com/design/Rn7Z8KYAKbiz7S6ns6qB4i?node-id=10-35323,project,public-reader | contributor | maintainer | sponsor,
state,project-heir-desk-sdk,/projects/heir-desk-sdk,current,Mobile,10:35324,3:5,390,844,7351,https://www.figma.com/design/Rn7Z8KYAKbiz7S6ns6qB4i?node-id=10-35324,project,public-reader | contributor | maintainer | sponsor,
state,project-heir-elements-sdk,/projects/heir-elements-sdk,current,Desktop,10:35326,3:5,1440,1000,5509,https://www.figma.com/design/Rn7Z8KYAKbiz7S6ns6qB4i?node-id=10-35326,project,public-reader | contributor | maintainer | sponsor,
state,project-heir-elements-sdk,/projects/heir-elements-sdk,current,Mobile,10:35327,3:5,390,844,7213,https://www.figma.com/design/Rn7Z8KYAKbiz7S6ns6qB4i?node-id=10-35327,project,public-reader | contributor | maintainer | sponsor,
state,project-monna-agent-permission-diff,/projects/monna-agent-permission-diff,current,Desktop,10:35329,3:5,1440,1000,5829,https://www.figma.com/design/Rn7Z8KYAKbiz7S6ns6qB4i?node-id=10-35329,project,public-reader | contributor | maintainer | sponsor,
state,project-monna-agent-permission-diff,/projects/monna-agent-permission-diff,current,Mobile,10:35330,3:5,390,844,7669,https://www.figma.com/design/Rn7Z8KYAKbiz7S6ns6qB4i?node-id=10-35330,project,public-reader | contributor | maintainer | sponsor,
state,project-monna-visual-strategy-canvas,/projects/monna-visual-strategy-canvas,current,Desktop,10:35332,3:5,1440,1000,5829,https://www.figma.com/design/Rn7Z8KYAKbiz7S6ns6qB4i?node-id=10-35332,project,public-reader | contributor | maintainer | sponsor,
state,project-monna-visual-strategy-canvas,/projects/monna-visual-strategy-canvas,current,Mobile,10:35333,3:5,390,844,7696,https://www.figma.com/design/Rn7Z8KYAKbiz7S6ns6qB4i?node-id=10-35333,project,public-reader | contributor | maintainer | sponsor,
state,project-nurosos,/projects/nurosos,current,Desktop,10:35335,3:5,1440,1000,5728,https://www.figma.com/design/Rn7Z8KYAKbiz7S6ns6qB4i?node-id=10-35335,project,public-reader | contributor | maintainer | sponsor,
state,project-nurosos,/projects/nurosos,current,Mobile,10:35336,3:5,390,844,7567,https://www.figma.com/design/Rn7Z8KYAKbiz7S6ns6qB4i?node-id=10-35336,project,public-reader | contributor | maintainer | sponsor,
state,project-payzcode-ai,/projects/payzcode-ai,current,Desktop,10:35338,3:5,1440,1000,5536,https://www.figma.com/design/Rn7Z8KYAKbiz7S6ns6qB4i?node-id=10-35338,project,public-reader | contributor | maintainer | sponsor,
state,project-payzcode-ai,/projects/payzcode-ai,current,Mobile,10:35339,3:5,390,844,7267,https://www.figma.com/design/Rn7Z8KYAKbiz7S6ns6qB4i?node-id=10-35339,project,public-reader | contributor | maintainer | sponsor,
state,project-funding-payouts,/projects/eliza/funding#payouts,current,Desktop,10:97418,3:5,1440,1000,3540,https://www.figma.com/design/Rn7Z8KYAKbiz7S6ns6qB4i?node-id=10-97418,project-funding,public-reader | project-steward | authorized-signer,maintainer-adjustment
state,project-funding-payouts,/projects/eliza/funding#payouts,current,Mobile,10:97876,3:5,390,844,10543,https://www.figma.com/design/Rn7Z8KYAKbiz7S6ns6qB4i?node-id=10-97876,project-funding,public-reader | project-steward | authorized-signer,maintainer-adjustment
state,project-funding-payouts-funding,/projects/eliza/funding#payouts,current,Desktop,10:98448,3:5,1440,1000,3357,https://www.figma.com/design/Rn7Z8KYAKbiz7S6ns6qB4i?node-id=10-98448,project-funding,public-reader | project-steward | authorized-signer,maintainer-adjustment
state,project-funding-payouts-funding,/projects/eliza/funding#payouts,current,Mobile,10:98650,3:5,390,844,4801,https://www.figma.com/design/Rn7Z8KYAKbiz7S6ns6qB4i?node-id=10-98650,project-funding,public-reader | project-steward | authorized-signer,maintainer-adjustment
state,project-funding-payouts-approve,/projects/eliza/funding#payouts,current,Desktop,10:98852,3:5,1440,1000,2355,https://www.figma.com/design/Rn7Z8KYAKbiz7S6ns6qB4i?node-id=10-98852,project-funding,public-reader | project-steward | authorized-signer,maintainer-adjustment
state,project-funding-payouts-approve,/projects/eliza/funding#payouts,current,Mobile,10:99042,3:5,390,844,4220,https://www.figma.com/design/Rn7Z8KYAKbiz7S6ns6qB4i?node-id=10-99042,project-funding,public-reader | project-steward | authorized-signer,maintainer-adjustment
state,project-funding-payouts-payments,/projects/eliza/funding#payouts,current,Desktop,10:99243,3:5,1440,1000,2732,https://www.figma.com/design/Rn7Z8KYAKbiz7S6ns6qB4i?node-id=10-99243,project-funding,public-reader | project-steward | authorized-signer,maintainer-adjustment
state,project-funding-payouts-payments,/projects/eliza/funding#payouts,current,Mobile,10:99490,3:5,390,844,5367,https://www.figma.com/design/Rn7Z8KYAKbiz7S6ns6qB4i?node-id=10-99490,project-funding,public-reader | project-steward | authorized-signer,maintainer-adjustment
state,project-funding-payouts-loading,/projects/eliza/funding#payouts,current,Desktop,10:99753,3:5,1440,1000,1267,https://www.figma.com/design/Rn7Z8KYAKbiz7S6ns6qB4i?node-id=10-99753,project-funding,public-reader | project-steward | authorized-signer,maintainer-adjustment
state,project-funding-payouts-loading,/projects/eliza/funding#payouts,current,Mobile,10:99861,3:5,390,844,2108,https://www.figma.com/design/Rn7Z8KYAKbiz7S6ns6qB4i?node-id=10-99861,project-funding,public-reader | project-steward | authorized-signer,maintainer-adjustment
state,project-funding-payouts-error,/projects/eliza/funding#payouts,current,Desktop,10:99969,3:5,1440,1000,1374,https://www.figma.com/design/Rn7Z8KYAKbiz7S6ns6qB4i?node-id=10-99969,project-funding,public-reader | project-steward | authorized-signer,maintainer-adjustment
state,project-funding-payouts-error,/projects/eliza/funding#payouts,current,Mobile,10:100084,3:5,390,844,2339,https://www.figma.com/design/Rn7Z8KYAKbiz7S6ns6qB4i?node-id=10-100084,project-funding,public-reader | project-steward | authorized-signer,maintainer-adjustment
state,project-funding-payouts-empty,/projects/eliza/funding#payouts,current,Desktop,10:100199,3:5,1440,1000,1288,https://www.figma.com/design/Rn7Z8KYAKbiz7S6ns6qB4i?node-id=10-100199,project-funding,public-reader | project-steward | authorized-signer,maintainer-adjustment
state,project-funding-payouts-empty,/projects/eliza/funding#payouts,current,Mobile,10:100313,3:5,390,844,2268,https://www.figma.com/design/Rn7Z8KYAKbiz7S6ns6qB4i?node-id=10-100313,project-funding,public-reader | project-steward | authorized-signer,maintainer-adjustment
state,project-contributors-points,/projects/eliza?sort=points#contributors,current,Desktop,10:100427,3:5,1440,1000,1184,https://www.figma.com/design/Rn7Z8KYAKbiz7S6ns6qB4i?node-id=10-100427,project,public-reader | contributor | maintainer | sponsor,
state,project-contributors-points,/projects/eliza?sort=points#contributors,current,Mobile,10:100532,3:5,390,844,1941,https://www.figma.com/design/Rn7Z8KYAKbiz7S6ns6qB4i?node-id=10-100532,project,public-reader | contributor | maintainer | sponsor,
state,project-contributors-money,/projects/eliza?sort=money#contributors,current,Desktop,10:100637,3:5,1440,1000,1184,https://www.figma.com/design/Rn7Z8KYAKbiz7S6ns6qB4i?node-id=10-100637,project,public-reader | contributor | maintainer | sponsor,
state,project-contributors-money,/projects/eliza?sort=money#contributors,current,Mobile,10:100742,3:5,390,844,2009,https://www.figma.com/design/Rn7Z8KYAKbiz7S6ns6qB4i?node-id=10-100742,project,public-reader | contributor | maintainer | sponsor,
state,profile-activity-expanded,/contributors/ss251#activity,current,Desktop,10:116520,3:5,1440,1000,127966,https://www.figma.com/design/Rn7Z8KYAKbiz7S6ns6qB4i?node-id=10-116520,profile,public-reader | contributor | maintainer | sponsor,discover-contribute
state,profile-activity-expanded,/contributors/ss251#activity,current,Mobile,10:120500,3:5,390,844,173995,https://www.figma.com/design/Rn7Z8KYAKbiz7S6ns6qB4i?node-id=10-120500,profile,public-reader | contributor | maintainer | sponsor,discover-contribute
additional-layout,home,/,current,320 px,10:31623,3:4,320,844,9640,https://www.figma.com/design/Rn7Z8KYAKbiz7S6ns6qB4i?node-id=10-31623,home,public-reader | contributor | maintainer | sponsor,discover-contribute | keyboard-menu-recovery
additional-layout,home,/,current,360 px,10:31625,3:4,360,844,9011,https://www.figma.com/design/Rn7Z8KYAKbiz7S6ns6qB4i?node-id=10-31625,home,public-reader | contributor | maintainer | sponsor,discover-contribute | keyboard-menu-recovery
additional-layout,home,/,current,375 px,10:31627,3:4,375,844,8859,https://www.figma.com/design/Rn7Z8KYAKbiz7S6ns6qB4i?node-id=10-31627,home,public-reader | contributor | maintainer | sponsor,discover-contribute | keyboard-menu-recovery
additional-layout,home,/,current,430 px,10:31629,3:4,430,844,8316,https://www.figma.com/design/Rn7Z8KYAKbiz7S6ns6qB4i?node-id=10-31629,home,public-reader | contributor | maintainer | sponsor,discover-contribute | keyboard-menu-recovery
additional-layout,home,/,current,768 px,10:31631,3:4,768,900,5669,https://www.figma.com/design/Rn7Z8KYAKbiz7S6ns6qB4i?node-id=10-31631,home,public-reader | contributor | maintainer | sponsor,discover-contribute | keyboard-menu-recovery
additional-layout,home,/,current,1024 px,10:31633,3:4,1024,900,5136,https://www.figma.com/design/Rn7Z8KYAKbiz7S6ns6qB4i?node-id=10-31633,home,public-reader | contributor | maintainer | sponsor,discover-contribute | keyboard-menu-recovery
additional-layout,home,/,current,1280 px,10:31635,3:4,1280,900,4872,https://www.figma.com/design/Rn7Z8KYAKbiz7S6ns6qB4i?node-id=10-31635,home,public-reader | contributor | maintainer | sponsor,discover-contribute | keyboard-menu-recovery
additional-layout,home,/,current,1920 px,10:31637,3:4,1920,900,4824,https://www.figma.com/design/Rn7Z8KYAKbiz7S6ns6qB4i?node-id=10-31637,home,public-reader | contributor | maintainer | sponsor,discover-contribute | keyboard-menu-recovery
additional-layout,home,/,current,2560 px,10:31639,3:4,2560,900,4824,https://www.figma.com/design/Rn7Z8KYAKbiz7S6ns6qB4i?node-id=10-31639,home,public-reader | contributor | maintainer | sponsor,discover-contribute | keyboard-menu-recovery
additional-layout,account,/account,gated,320 px,10:31641,3:4,320,844,3934,https://www.figma.com/design/Rn7Z8KYAKbiz7S6ns6qB4i?node-id=10-31641,account,GitHub-member,github-account-privacy | x-connection-lifecycle | base-wallet-registration | solana-wallet-registration | keyboard-menu-recovery
additional-layout,account,/account,gated,768 px,10:31643,3:4,768,900,2659,https://www.figma.com/design/Rn7Z8KYAKbiz7S6ns6qB4i?node-id=10-31643,account,GitHub-member,github-account-privacy | x-connection-lifecycle | base-wallet-registration | solana-wallet-registration | keyboard-menu-recovery
additional-layout,account,/account,gated,2560 px,10:31645,3:4,2560,900,2157,https://www.figma.com/design/Rn7Z8KYAKbiz7S6ns6qB4i?node-id=10-31645,account,GitHub-member,github-account-privacy | x-connection-lifecycle | base-wallet-registration | solana-wallet-registration | keyboard-menu-recovery
additional-layout,project-manage,/projects/eliza/manage,current,320 px,10:31647,3:4,320,844,11719,https://www.figma.com/design/Rn7Z8KYAKbiz7S6ns6qB4i?node-id=10-31647,project-manage,repository-admin-or-explicit-delegate,discover-contribute | project-wizard-pr | maintainer-adjustment
additional-layout,project-manage,/projects/eliza/manage,current,768 px,10:31649,3:4,768,900,5596,https://www.figma.com/design/Rn7Z8KYAKbiz7S6ns6qB4i?node-id=10-31649,project-manage,repository-admin-or-explicit-delegate,discover-contribute | project-wizard-pr | maintainer-adjustment
additional-layout,home,/,current,Phone landscape,10:31651,3:4,844,390,5573,https://www.figma.com/design/Rn7Z8KYAKbiz7S6ns6qB4i?node-id=10-31651,home,public-reader | contributor | maintainer | sponsor,discover-contribute | keyboard-menu-recovery
additional-layout,project-manage,/projects/eliza/manage,current,200% zoom reflow,10:31653,3:4,720,500,10437,https://www.figma.com/design/Rn7Z8KYAKbiz7S6ns6qB4i?node-id=10-31653,project-manage,repository-admin-or-explicit-delegate,discover-contribute | project-wizard-pr | maintainer-adjustment
additional-layout,project-asi,/projects/asi,current,Desktop,10:35341,3:4,1440,1000,4797,https://www.figma.com/design/Rn7Z8KYAKbiz7S6ns6qB4i?node-id=10-35341,project,public-reader | contributor | maintainer | sponsor,
additional-layout,project-asi,/projects/asi,current,Tablet Landscape,10:35342,3:4,1194,834,4871,https://www.figma.com/design/Rn7Z8KYAKbiz7S6ns6qB4i?node-id=10-35342,project,public-reader | contributor | maintainer | sponsor,
additional-layout,project-asi,/projects/asi,current,Tablet Portrait,10:35343,3:4,834,1194,5457,https://www.figma.com/design/Rn7Z8KYAKbiz7S6ns6qB4i?node-id=10-35343,project,public-reader | contributor | maintainer | sponsor,
additional-layout,project-asi,/projects/asi,current,Mobile,10:35344,3:4,390,844,6671,https://www.figma.com/design/Rn7Z8KYAKbiz7S6ns6qB4i?node-id=10-35344,project,public-reader | contributor | maintainer | sponsor,
additional-layout,project-external-prize,/projects/delta-star,current,Desktop,10:35346,3:4,1440,1000,5194,https://www.figma.com/design/Rn7Z8KYAKbiz7S6ns6qB4i?node-id=10-35346,project,public-reader | contributor | maintainer | sponsor,funding-classes-disabled
additional-layout,project-external-prize,/projects/delta-star,current,Tablet Landscape,10:35347,3:4,1194,834,5292,https://www.figma.com/design/Rn7Z8KYAKbiz7S6ns6qB4i?node-id=10-35347,project,public-reader | contributor | maintainer | sponsor,funding-classes-disabled
additional-layout,project-external-prize,/projects/delta-star,current,Tablet Portrait,10:35348,3:4,834,1194,5881,https://www.figma.com/design/Rn7Z8KYAKbiz7S6ns6qB4i?node-id=10-35348,project,public-reader | contributor | maintainer | sponsor,funding-classes-disabled
additional-layout,project-external-prize,/projects/delta-star,current,Mobile,10:35349,3:4,390,844,7242,https://www.figma.com/design/Rn7Z8KYAKbiz7S6ns6qB4i?node-id=10-35349,project,public-reader | contributor | maintainer | sponsor,funding-classes-disabled
additional-layout,project-paused,/projects/canonry,current,Desktop,10:35351,3:4,1440,1000,4982,https://www.figma.com/design/Rn7Z8KYAKbiz7S6ns6qB4i?node-id=10-35351,project,public-reader | contributor | maintainer | sponsor,discover-contribute
additional-layout,project-paused,/projects/canonry,current,Tablet Landscape,10:35352,3:4,1194,834,5056,https://www.figma.com/design/Rn7Z8KYAKbiz7S6ns6qB4i?node-id=10-35352,project,public-reader | contributor | maintainer | sponsor,discover-contribute
additional-layout,project-paused,/projects/canonry,current,Tablet Portrait,10:35353,3:4,834,1194,5642,https://www.figma.com/design/Rn7Z8KYAKbiz7S6ns6qB4i?node-id=10-35353,project,public-reader | contributor | maintainer | sponsor,discover-contribute
additional-layout,project-paused,/projects/canonry,current,Mobile,10:35354,3:4,390,844,6993,https://www.figma.com/design/Rn7Z8KYAKbiz7S6ns6qB4i?node-id=10-35354,project,public-reader | contributor | maintainer | sponsor,discover-contribute
additional-layout,project-darling-arm64,/projects/darling-arm64,current,Desktop,10:35356,3:4,1440,1000,5765,https://www.figma.com/design/Rn7Z8KYAKbiz7S6ns6qB4i?node-id=10-35356,project,public-reader | contributor | maintainer | sponsor,
additional-layout,project-darling-arm64,/projects/darling-arm64,current,Tablet Landscape,10:35357,3:4,1194,834,5812,https://www.figma.com/design/Rn7Z8KYAKbiz7S6ns6qB4i?node-id=10-35357,project,public-reader | contributor | maintainer | sponsor,
additional-layout,project-darling-arm64,/projects/darling-arm64,current,Tablet Portrait,10:35358,3:4,834,1194,6428,https://www.figma.com/design/Rn7Z8KYAKbiz7S6ns6qB4i?node-id=10-35358,project,public-reader | contributor | maintainer | sponsor,
additional-layout,project-darling-arm64,/projects/darling-arm64,current,Mobile,10:35359,3:4,390,844,7604,https://www.figma.com/design/Rn7Z8KYAKbiz7S6ns6qB4i?node-id=10-35359,project,public-reader | contributor | maintainer | sponsor,
additional-layout,project-eliza-plugin-homonym,/projects/eliza-plugin-homonym,current,Desktop,10:35361,3:4,1440,1000,5701,https://www.figma.com/design/Rn7Z8KYAKbiz7S6ns6qB4i?node-id=10-35361,project,public-reader | contributor | maintainer | sponsor,
additional-layout,project-eliza-plugin-homonym,/projects/eliza-plugin-homonym,current,Tablet Landscape,10:35362,3:4,1194,834,5721,https://www.figma.com/design/Rn7Z8KYAKbiz7S6ns6qB4i?node-id=10-35362,project,public-reader | contributor | maintainer | sponsor,
additional-layout,project-eliza-plugin-homonym,/projects/eliza-plugin-homonym,current,Tablet Portrait,10:35363,3:4,834,1194,6364,https://www.figma.com/design/Rn7Z8KYAKbiz7S6ns6qB4i?node-id=10-35363,project,public-reader | contributor | maintainer | sponsor,
additional-layout,project-eliza-plugin-homonym,/projects/eliza-plugin-homonym,current,Mobile,10:35364,3:4,390,844,7526,https://www.figma.com/design/Rn7Z8KYAKbiz7S6ns6qB4i?node-id=10-35364,project,public-reader | contributor | maintainer | sponsor,
additional-layout,project-heir-desk-sdk,/projects/heir-desk-sdk,current,Desktop,10:35366,3:4,1440,1000,5674,https://www.figma.com/design/Rn7Z8KYAKbiz7S6ns6qB4i?node-id=10-35366,project,public-reader | contributor | maintainer | sponsor,
additional-layout,project-heir-desk-sdk,/projects/heir-desk-sdk,current,Tablet Landscape,10:35367,3:4,1194,834,5694,https://www.figma.com/design/Rn7Z8KYAKbiz7S6ns6qB4i?node-id=10-35367,project,public-reader | contributor | maintainer | sponsor,
additional-layout,project-heir-desk-sdk,/projects/heir-desk-sdk,current,Tablet Portrait,10:35368,3:4,834,1194,6283,https://www.figma.com/design/Rn7Z8KYAKbiz7S6ns6qB4i?node-id=10-35368,project,public-reader | contributor | maintainer | sponsor,
additional-layout,project-heir-desk-sdk,/projects/heir-desk-sdk,current,Mobile,10:35369,3:4,390,844,7351,https://www.figma.com/design/Rn7Z8KYAKbiz7S6ns6qB4i?node-id=10-35369,project,public-reader | contributor | maintainer | sponsor,
additional-layout,project-heir-elements-sdk,/projects/heir-elements-sdk,current,Desktop,10:35371,3:4,1440,1000,5509,https://www.figma.com/design/Rn7Z8KYAKbiz7S6ns6qB4i?node-id=10-35371,project,public-reader | contributor | maintainer | sponsor,
additional-layout,project-heir-elements-sdk,/projects/heir-elements-sdk,current,Tablet Landscape,10:35372,3:4,1194,834,5529,https://www.figma.com/design/Rn7Z8KYAKbiz7S6ns6qB4i?node-id=10-35372,project,public-reader | contributor | maintainer | sponsor,
additional-layout,project-heir-elements-sdk,/projects/heir-elements-sdk,current,Tablet Portrait,10:35373,3:4,834,1194,6145,https://www.figma.com/design/Rn7Z8KYAKbiz7S6ns6qB4i?node-id=10-35373,project,public-reader | contributor | maintainer | sponsor,
additional-layout,project-heir-elements-sdk,/projects/heir-elements-sdk,current,Mobile,10:35374,3:4,390,844,7213,https://www.figma.com/design/Rn7Z8KYAKbiz7S6ns6qB4i?node-id=10-35374,project,public-reader | contributor | maintainer | sponsor,
additional-layout,project-monna-agent-permission-diff,/projects/monna-agent-permission-diff,current,Desktop,10:35376,3:4,1440,1000,5829,https://www.figma.com/design/Rn7Z8KYAKbiz7S6ns6qB4i?node-id=10-35376,project,public-reader | contributor | maintainer | sponsor,
additional-layout,project-monna-agent-permission-diff,/projects/monna-agent-permission-diff,current,Tablet Landscape,10:35377,3:4,1194,834,5849,https://www.figma.com/design/Rn7Z8KYAKbiz7S6ns6qB4i?node-id=10-35377,project,public-reader | contributor | maintainer | sponsor,
additional-layout,project-monna-agent-permission-diff,/projects/monna-agent-permission-diff,current,Tablet Portrait,10:35378,3:4,834,1194,6438,https://www.figma.com/design/Rn7Z8KYAKbiz7S6ns6qB4i?node-id=10-35378,project,public-reader | contributor | maintainer | sponsor,
additional-layout,project-monna-agent-permission-diff,/projects/monna-agent-permission-diff,current,Mobile,10:35379,3:4,390,844,7669,https://www.figma.com/design/Rn7Z8KYAKbiz7S6ns6qB4i?node-id=10-35379,project,public-reader | contributor | maintainer | sponsor,
additional-layout,project-monna-visual-strategy-canvas,/projects/monna-visual-strategy-canvas,current,Desktop,10:35381,3:4,1440,1000,5829,https://www.figma.com/design/Rn7Z8KYAKbiz7S6ns6qB4i?node-id=10-35381,project,public-reader | contributor | maintainer | sponsor,
additional-layout,project-monna-visual-strategy-canvas,/projects/monna-visual-strategy-canvas,current,Tablet Landscape,10:35382,3:4,1194,834,5849,https://www.figma.com/design/Rn7Z8KYAKbiz7S6ns6qB4i?node-id=10-35382,project,public-reader | contributor | maintainer | sponsor,
additional-layout,project-monna-visual-strategy-canvas,/projects/monna-visual-strategy-canvas,current,Tablet Portrait,10:35383,3:4,834,1194,6465,https://www.figma.com/design/Rn7Z8KYAKbiz7S6ns6qB4i?node-id=10-35383,project,public-reader | contributor | maintainer | sponsor,
additional-layout,project-monna-visual-strategy-canvas,/projects/monna-visual-strategy-canvas,current,Mobile,10:35384,3:4,390,844,7696,https://www.figma.com/design/Rn7Z8KYAKbiz7S6ns6qB4i?node-id=10-35384,project,public-reader | contributor | maintainer | sponsor,
additional-layout,project-nurosos,/projects/nurosos,current,Desktop,10:35386,3:4,1440,1000,5728,https://www.figma.com/design/Rn7Z8KYAKbiz7S6ns6qB4i?node-id=10-35386,project,public-reader | contributor | maintainer | sponsor,
additional-layout,project-nurosos,/projects/nurosos,current,Tablet Landscape,10:35387,3:4,1194,834,5748,https://www.figma.com/design/Rn7Z8KYAKbiz7S6ns6qB4i?node-id=10-35387,project,public-reader | contributor | maintainer | sponsor,
additional-layout,project-nurosos,/projects/nurosos,current,Tablet Portrait,10:35388,3:4,834,1194,6364,https://www.figma.com/design/Rn7Z8KYAKbiz7S6ns6qB4i?node-id=10-35388,project,public-reader | contributor | maintainer | sponsor,
additional-layout,project-nurosos,/projects/nurosos,current,Mobile,10:35389,3:4,390,844,7567,https://www.figma.com/design/Rn7Z8KYAKbiz7S6ns6qB4i?node-id=10-35389,project,public-reader | contributor | maintainer | sponsor,
additional-layout,project-payzcode-ai,/projects/payzcode-ai,current,Desktop,10:35391,3:4,1440,1000,5536,https://www.figma.com/design/Rn7Z8KYAKbiz7S6ns6qB4i?node-id=10-35391,project,public-reader | contributor | maintainer | sponsor,
additional-layout,project-payzcode-ai,/projects/payzcode-ai,current,Tablet Landscape,10:35392,3:4,1194,834,5556,https://www.figma.com/design/Rn7Z8KYAKbiz7S6ns6qB4i?node-id=10-35392,project,public-reader | contributor | maintainer | sponsor,
additional-layout,project-payzcode-ai,/projects/payzcode-ai,current,Tablet Portrait,10:35393,3:4,834,1194,6145,https://www.figma.com/design/Rn7Z8KYAKbiz7S6ns6qB4i?node-id=10-35393,project,public-reader | contributor | maintainer | sponsor,
additional-layout,project-payzcode-ai,/projects/payzcode-ai,current,Mobile,10:35394,3:4,390,844,7267,https://www.figma.com/design/Rn7Z8KYAKbiz7S6ns6qB4i?node-id=10-35394,project,public-reader | contributor | maintainer | sponsor,
